ts_utc	model_alias	ctx_size	task	status	duration_s	prompt_chars	completion_chars	prompt_tokens	completion_tokens	total_tokens	port	gpu_layers	mem_limit	json_path	log_path	notes
2026-04-23T23:04:02Z	qwen36_27b_q4km	16384	coding_api	ok	58	29134	1724	6413	384	6797	8162	999	75g	llama-cpp-vulkan/out/text-bench-2026-04-23/qwen36_27b_q4km_ctx16384_coding_api.json	reports/publish/text_bench_2026-04-23/qwen36_27b_q4km_ctx16384_coding_api.log	completed
2026-04-23T23:05:01Z	qwen36_27b_q4km	16384	coding_review	ok	58	29098	1444	6406	384	6790	8162	999	75g	llama-cpp-vulkan/out/text-bench-2026-04-23/qwen36_27b_q4km_ctx16384_coding_review.json	reports/publish/text_bench_2026-04-23/qwen36_27b_q4km_ctx16384_coding_review.log	completed
2026-04-23T23:05:56Z	qwen36_27b_q4km	16384	summary_report	ok	55	29049	1614	6402	350	6752	8162	999	75g	llama-cpp-vulkan/out/text-bench-2026-04-23/qwen36_27b_q4km_ctx16384_summary_report.json	reports/publish/text_bench_2026-04-23/qwen36_27b_q4km_ctx16384_summary_report.log	completed
2026-04-23T23:06:41Z	qwen36_27b_q4km	16384	summary_plan	ok	44	29112	933	6413	212	6625	8162	999	75g	llama-cpp-vulkan/out/text-bench-2026-04-23/qwen36_27b_q4km_ctx16384_summary_plan.json	reports/publish/text_bench_2026-04-23/qwen36_27b_q4km_ctx16384_summary_plan.log	completed
2026-04-23T23:09:14Z	qwen36_27b_q4km	32768	coding_api	ok	87	57970	1819	12750	384	13134	8162	999	75g	llama-cpp-vulkan/out/text-bench-2026-04-23/qwen36_27b_q4km_ctx32768_coding_api.json	reports/publish/text_bench_2026-04-23/qwen36_27b_q4km_ctx32768_coding_api.log	completed
2026-04-23T23:10:43Z	qwen36_27b_q4km	32768	coding_review	ok	89	57934	1487	12743	384	13127	8162	999	75g	llama-cpp-vulkan/out/text-bench-2026-04-23/qwen36_27b_q4km_ctx32768_coding_review.json	reports/publish/text_bench_2026-04-23/qwen36_27b_q4km_ctx32768_coding_review.log	completed
2026-04-23T23:12:09Z	qwen36_27b_q4km	32768	summary_report	ok	86	57885	1686	12739	349	13088	8162	999	75g	llama-cpp-vulkan/out/text-bench-2026-04-23/qwen36_27b_q4km_ctx32768_summary_report.json	reports/publish/text_bench_2026-04-23/qwen36_27b_q4km_ctx32768_summary_report.log	completed
2026-04-23T23:13:24Z	qwen36_27b_q4km	32768	summary_plan	ok	75	57948	1042	12750	230	12980	8162	999	75g	llama-cpp-vulkan/out/text-bench-2026-04-23/qwen36_27b_q4km_ctx32768_summary_plan.json	reports/publish/text_bench_2026-04-23/qwen36_27b_q4km_ctx32768_summary_plan.log	completed
2026-04-23T23:16:24Z	qwen36_27b_q4km	46080	coding_api	ok	114	81399	1681	17906	384	18290	8162	999	75g	llama-cpp-vulkan/out/text-bench-2026-04-23/qwen36_27b_q4km_ctx46080_coding_api.json	reports/publish/text_bench_2026-04-23/qwen36_27b_q4km_ctx46080_coding_api.log	completed
2026-04-23T23:18:19Z	qwen36_27b_q4km	46080	coding_review	ok	115	81363	1514	17899	384	18283	8162	999	75g	llama-cpp-vulkan/out/text-bench-2026-04-23/qwen36_27b_q4km_ctx46080_coding_review.json	reports/publish/text_bench_2026-04-23/qwen36_27b_q4km_ctx46080_coding_review.log	completed
2026-04-23T23:20:10Z	qwen36_27b_q4km	46080	summary_report	ok	111	81314	1563	17895	323	18218	8162	999	75g	llama-cpp-vulkan/out/text-bench-2026-04-23/qwen36_27b_q4km_ctx46080_summary_report.json	reports/publish/text_bench_2026-04-23/qwen36_27b_q4km_ctx46080_summary_report.log	completed
2026-04-23T23:21:52Z	qwen36_27b_q4km	46080	summary_plan	ok	102	81377	999	17906	225	18131	8162	999	75g	llama-cpp-vulkan/out/text-bench-2026-04-23/qwen36_27b_q4km_ctx46080_summary_plan.json	reports/publish/text_bench_2026-04-23/qwen36_27b_q4km_ctx46080_summary_plan.log	completed
2026-04-23T23:25:38Z	qwen36_27b_q4km	65536	coding_api	ok	160	115642	1768	25432	384	25816	8162	999	75g	llama-cpp-vulkan/out/text-bench-2026-04-23/qwen36_27b_q4km_ctx65536_coding_api.json	reports/publish/text_bench_2026-04-23/qwen36_27b_q4km_ctx65536_coding_api.log	completed
2026-04-23T23:28:21Z	qwen36_27b_q4km	65536	coding_review	ok	163	115606	1450	25425	384	25809	8162	999	75g	llama-cpp-vulkan/out/text-bench-2026-04-23/qwen36_27b_q4km_ctx65536_coding_review.json	reports/publish/text_bench_2026-04-23/qwen36_27b_q4km_ctx65536_coding_review.log	completed
2026-04-23T23:31:00Z	qwen36_27b_q4km	65536	summary_report	ok	159	115557	1555	25421	329	25750	8162	999	75g	llama-cpp-vulkan/out/text-bench-2026-04-23/qwen36_27b_q4km_ctx65536_summary_report.json	reports/publish/text_bench_2026-04-23/qwen36_27b_q4km_ctx65536_summary_report.log	completed
2026-04-23T23:33:26Z	qwen36_27b_q4km	65536	summary_plan	ok	146	115620	868	25432	193	25625	8162	999	75g	llama-cpp-vulkan/out/text-bench-2026-04-23/qwen36_27b_q4km_ctx65536_summary_plan.json	reports/publish/text_bench_2026-04-23/qwen36_27b_q4km_ctx65536_summary_plan.log	completed
2026-04-23T23:38:15Z	qwen36_27b_q4km	76800	coding_api	ok	191	135467	1637	29791	384	30175	8162	999	75g	llama-cpp-vulkan/out/text-bench-2026-04-23/qwen36_27b_q4km_ctx76800_coding_api.json	reports/publish/text_bench_2026-04-23/qwen36_27b_q4km_ctx76800_coding_api.log	completed
2026-04-23T23:41:29Z	qwen36_27b_q4km	76800	coding_review	ok	194	135431	1578	29784	384	30168	8162	999	75g	llama-cpp-vulkan/out/text-bench-2026-04-23/qwen36_27b_q4km_ctx76800_coding_review.json	reports/publish/text_bench_2026-04-23/qwen36_27b_q4km_ctx76800_coding_review.log	completed
2026-04-23T23:44:43Z	qwen36_27b_q4km	76800	summary_report	ok	193	135382	1786	29780	359	30139	8162	999	75g	llama-cpp-vulkan/out/text-bench-2026-04-23/qwen36_27b_q4km_ctx76800_summary_report.json	reports/publish/text_bench_2026-04-23/qwen36_27b_q4km_ctx76800_summary_report.log	completed
2026-04-23T23:47:38Z	qwen36_27b_q4km	76800	summary_plan	ok	175	135445	714	29791	165	29956	8162	999	75g	llama-cpp-vulkan/out/text-bench-2026-04-23/qwen36_27b_q4km_ctx76800_summary_plan.json	reports/publish/text_bench_2026-04-23/qwen36_27b_q4km_ctx76800_summary_plan.log	completed
2026-04-23T23:56:41Z	qwen35_9b_q8	16384	coding_api	ok	24	29134	1627	6413	384	6797	8163	999	75g	llama-cpp-vulkan/out/text-bench-2026-04-23/qwen35_9b_q8_ctx16384_coding_api.json	reports/publish/text_bench_2026-04-23/qwen35_9b_q8_ctx16384_coding_api.log	completed
2026-04-23T23:57:06Z	qwen35_9b_q8	16384	coding_review	ok	25	29098	1490	6406	384	6790	8163	999	75g	llama-cpp-vulkan/out/text-bench-2026-04-23/qwen35_9b_q8_ctx16384_coding_review.json	reports/publish/text_bench_2026-04-23/qwen35_9b_q8_ctx16384_coding_review.log	completed
2026-04-23T23:57:26Z	qwen35_9b_q8	16384	summary_report	ok	20	29049	1419	6402	285	6687	8163	999	75g	llama-cpp-vulkan/out/text-bench-2026-04-23/qwen35_9b_q8_ctx16384_summary_report.json	reports/publish/text_bench_2026-04-23/qwen35_9b_q8_ctx16384_summary_report.log	completed
2026-04-23T23:57:44Z	qwen35_9b_q8	16384	summary_plan	ok	18	29112	1005	6413	230	6643	8163	999	75g	llama-cpp-vulkan/out/text-bench-2026-04-23/qwen35_9b_q8_ctx16384_summary_plan.json	reports/publish/text_bench_2026-04-23/qwen35_9b_q8_ctx16384_summary_plan.log	completed
2026-04-23T23:59:24Z	qwen35_9b_q8	32768	coding_api	ok	34	57970	1664	12750	384	13134	8163	999	75g	llama-cpp-vulkan/out/text-bench-2026-04-23/qwen35_9b_q8_ctx32768_coding_api.json	reports/publish/text_bench_2026-04-23/qwen35_9b_q8_ctx32768_coding_api.log	completed
2026-04-23T23:59:58Z	qwen35_9b_q8	32768	coding_review	ok	34	57934	1523	12743	384	13127	8163	999	75g	llama-cpp-vulkan/out/text-bench-2026-04-23/qwen35_9b_q8_ctx32768_coding_review.json	reports/publish/text_bench_2026-04-23/qwen35_9b_q8_ctx32768_coding_review.log	completed
2026-04-24T00:00:28Z	qwen35_9b_q8	32768	summary_report	ok	30	57885	1521	12739	291	13030	8163	999	75g	llama-cpp-vulkan/out/text-bench-2026-04-23/qwen35_9b_q8_ctx32768_summary_report.json	reports/publish/text_bench_2026-04-23/qwen35_9b_q8_ctx32768_summary_report.log	completed
2026-04-24T00:00:54Z	qwen35_9b_q8	32768	summary_plan	ok	26	57948	880	12750	198	12948	8163	999	75g	llama-cpp-vulkan/out/text-bench-2026-04-23/qwen35_9b_q8_ctx32768_summary_plan.json	reports/publish/text_bench_2026-04-23/qwen35_9b_q8_ctx32768_summary_plan.log	completed
2026-04-24T00:02:42Z	qwen35_9b_q8	46080	coding_api	ok	42	81399	1642	17906	384	18290	8163	999	75g	llama-cpp-vulkan/out/text-bench-2026-04-23/qwen35_9b_q8_ctx46080_coding_api.json	reports/publish/text_bench_2026-04-23/qwen35_9b_q8_ctx46080_coding_api.log	completed
2026-04-24T00:03:25Z	qwen35_9b_q8	46080	coding_review	ok	43	81363	1323	17899	384	18283	8163	999	75g	llama-cpp-vulkan/out/text-bench-2026-04-23/qwen35_9b_q8_ctx46080_coding_review.json	reports/publish/text_bench_2026-04-23/qwen35_9b_q8_ctx46080_coding_review.log	completed
2026-04-24T00:04:06Z	qwen35_9b_q8	46080	summary_report	ok	40	81314	1723	17895	343	18238	8163	999	75g	llama-cpp-vulkan/out/text-bench-2026-04-23/qwen35_9b_q8_ctx46080_summary_report.json	reports/publish/text_bench_2026-04-23/qwen35_9b_q8_ctx46080_summary_report.log	completed
2026-04-24T00:04:43Z	qwen35_9b_q8	46080	summary_plan	ok	37	81377	1301	17906	280	18186	8163	999	75g	llama-cpp-vulkan/out/text-bench-2026-04-23/qwen35_9b_q8_ctx46080_summary_plan.json	reports/publish/text_bench_2026-04-23/qwen35_9b_q8_ctx46080_summary_plan.log	completed
2026-04-24T00:06:45Z	qwen35_9b_q8	65536	coding_api	ok	55	115642	1597	25432	384	25816	8163	999	75g	llama-cpp-vulkan/out/text-bench-2026-04-23/qwen35_9b_q8_ctx65536_coding_api.json	reports/publish/text_bench_2026-04-23/qwen35_9b_q8_ctx65536_coding_api.log	completed
2026-04-24T00:07:42Z	qwen35_9b_q8	65536	coding_review	ok	57	115606	1550	25425	384	25809	8163	999	75g	llama-cpp-vulkan/out/text-bench-2026-04-23/qwen35_9b_q8_ctx65536_coding_review.json	reports/publish/text_bench_2026-04-23/qwen35_9b_q8_ctx65536_coding_review.log	completed
2026-04-24T00:08:36Z	qwen35_9b_q8	65536	summary_report	ok	54	115557	1682	25421	315	25736	8163	999	75g	llama-cpp-vulkan/out/text-bench-2026-04-23/qwen35_9b_q8_ctx65536_summary_report.json	reports/publish/text_bench_2026-04-23/qwen35_9b_q8_ctx65536_summary_report.log	completed
2026-04-24T00:09:24Z	qwen35_9b_q8	65536	summary_plan	ok	47	115620	853	25432	188	25620	8163	999	75g	llama-cpp-vulkan/out/text-bench-2026-04-23/qwen35_9b_q8_ctx65536_summary_plan.json	reports/publish/text_bench_2026-04-23/qwen35_9b_q8_ctx65536_summary_plan.log	completed
2026-04-24T00:11:34Z	qwen35_9b_q8	76800	coding_api	ok	64	135467	1619	29791	384	30175	8163	999	75g	llama-cpp-vulkan/out/text-bench-2026-04-23/qwen35_9b_q8_ctx76800_coding_api.json	reports/publish/text_bench_2026-04-23/qwen35_9b_q8_ctx76800_coding_api.log	completed
2026-04-24T00:12:40Z	qwen35_9b_q8	76800	coding_review	ok	66	135431	1685	29784	384	30168	8163	999	75g	llama-cpp-vulkan/out/text-bench-2026-04-23/qwen35_9b_q8_ctx76800_coding_review.json	reports/publish/text_bench_2026-04-23/qwen35_9b_q8_ctx76800_coding_review.log	completed
2026-04-24T00:13:45Z	qwen35_9b_q8	76800	summary_report	ok	65	135382	1627	29780	340	30120	8163	999	75g	llama-cpp-vulkan/out/text-bench-2026-04-23/qwen35_9b_q8_ctx76800_summary_report.json	reports/publish/text_bench_2026-04-23/qwen35_9b_q8_ctx76800_summary_report.log	completed
2026-04-24T00:14:42Z	qwen35_9b_q8	76800	summary_plan	ok	57	135445	764	29791	185	29976	8163	999	75g	llama-cpp-vulkan/out/text-bench-2026-04-23/qwen35_9b_q8_ctx76800_summary_plan.json	reports/publish/text_bench_2026-04-23/qwen35_9b_q8_ctx76800_summary_plan.log	completed
2026-04-24T00:17:42Z	qwen35_27b_q8	16384	coding_api	ok	82	29134	1604	6413	384	6797	8164	999	75g	llama-cpp-vulkan/out/text-bench-2026-04-23/qwen35_27b_q8_ctx16384_coding_api.json	reports/publish/text_bench_2026-04-23/qwen35_27b_q8_ctx16384_coding_api.log	completed
2026-04-24T00:19:05Z	qwen35_27b_q8	16384	coding_review	ok	83	29098	1552	6406	384	6790	8164	999	75g	llama-cpp-vulkan/out/text-bench-2026-04-23/qwen35_27b_q8_ctx16384_coding_review.json	reports/publish/text_bench_2026-04-23/qwen35_27b_q8_ctx16384_coding_review.log	completed
2026-04-24T00:20:12Z	qwen35_27b_q8	16384	summary_report	ok	67	29049	1251	6402	272	6674	8164	999	75g	llama-cpp-vulkan/out/text-bench-2026-04-23/qwen35_27b_q8_ctx16384_summary_report.json	reports/publish/text_bench_2026-04-23/qwen35_27b_q8_ctx16384_summary_report.log	completed
2026-04-24T00:21:17Z	qwen35_27b_q8	16384	summary_plan	ok	64	29112	1046	6413	244	6657	8164	999	75g	llama-cpp-vulkan/out/text-bench-2026-04-23/qwen35_27b_q8_ctx16384_summary_plan.json	reports/publish/text_bench_2026-04-23/qwen35_27b_q8_ctx16384_summary_plan.log	completed
2026-04-24T00:24:17Z	qwen35_27b_q8	32768	coding_api	ok	109	57970	1620	12750	384	13134	8164	999	75g	llama-cpp-vulkan/out/text-bench-2026-04-23/qwen35_27b_q8_ctx32768_coding_api.json	reports/publish/text_bench_2026-04-23/qwen35_27b_q8_ctx32768_coding_api.log	completed
2026-04-24T00:25:48Z	qwen35_27b_q8	32768	coding_review	ok	91	57934	927	12743	246	12989	8164	999	75g	llama-cpp-vulkan/out/text-bench-2026-04-23/qwen35_27b_q8_ctx32768_coding_review.json	reports/publish/text_bench_2026-04-23/qwen35_27b_q8_ctx32768_coding_review.log	completed
2026-04-24T00:27:38Z	qwen35_27b_q8	32768	summary_report	ok	110	57885	1890	12739	384	13123	8164	999	75g	llama-cpp-vulkan/out/text-bench-2026-04-23/qwen35_27b_q8_ctx32768_summary_report.json	reports/publish/text_bench_2026-04-23/qwen35_27b_q8_ctx32768_summary_report.log	completed
2026-04-24T00:29:14Z	qwen35_27b_q8	32768	summary_plan	ok	96	57948	1263	12750	279	13029	8164	999	75g	llama-cpp-vulkan/out/text-bench-2026-04-23/qwen35_27b_q8_ctx32768_summary_plan.json	reports/publish/text_bench_2026-04-23/qwen35_27b_q8_ctx32768_summary_plan.log	completed
2026-04-24T00:32:41Z	qwen35_27b_q8	46080	coding_api	ok	136	81399	1637	17906	384	18290	8164	999	75g	llama-cpp-vulkan/out/text-bench-2026-04-23/qwen35_27b_q8_ctx46080_coding_api.json	reports/publish/text_bench_2026-04-23/qwen35_27b_q8_ctx46080_coding_api.log	completed
2026-04-24T00:34:59Z	qwen35_27b_q8	46080	coding_review	ok	138	81363	1529	17899	384	18283	8164	999	75g	llama-cpp-vulkan/out/text-bench-2026-04-23/qwen35_27b_q8_ctx46080_coding_review.json	reports/publish/text_bench_2026-04-23/qwen35_27b_q8_ctx46080_coding_review.log	completed
2026-04-24T00:37:15Z	qwen35_27b_q8	46080	summary_report	ok	136	81314	1798	17895	369	18264	8164	999	75g	llama-cpp-vulkan/out/text-bench-2026-04-23/qwen35_27b_q8_ctx46080_summary_report.json	reports/publish/text_bench_2026-04-23/qwen35_27b_q8_ctx46080_summary_report.log	completed
2026-04-24T00:39:10Z	qwen35_27b_q8	46080	summary_plan	ok	115	81377	947	17906	215	18121	8164	999	75g	llama-cpp-vulkan/out/text-bench-2026-04-23/qwen35_27b_q8_ctx46080_summary_plan.json	reports/publish/text_bench_2026-04-23/qwen35_27b_q8_ctx46080_summary_plan.log	completed
2026-04-24T00:43:20Z	qwen35_27b_q8	65536	coding_api	ok	185	115642	1842	25432	384	25816	8164	999	75g	llama-cpp-vulkan/out/text-bench-2026-04-23/qwen35_27b_q8_ctx65536_coding_api.json	reports/publish/text_bench_2026-04-23/qwen35_27b_q8_ctx65536_coding_api.log	completed
2026-04-24T00:46:27Z	qwen35_27b_q8	65536	coding_review	ok	186	115606	1408	25425	384	25809	8164	999	75g	llama-cpp-vulkan/out/text-bench-2026-04-23/qwen35_27b_q8_ctx65536_coding_review.json	reports/publish/text_bench_2026-04-23/qwen35_27b_q8_ctx65536_coding_review.log	completed
2026-04-24T00:49:19Z	qwen35_27b_q8	65536	summary_report	ok	172	115557	1310	25421	277	25698	8164	999	75g	llama-cpp-vulkan/out/text-bench-2026-04-23/qwen35_27b_q8_ctx65536_summary_report.json	reports/publish/text_bench_2026-04-23/qwen35_27b_q8_ctx65536_summary_report.log	completed
2026-04-24T00:52:10Z	qwen35_27b_q8	65536	summary_plan	ok	171	115620	1144	25432	264	25696	8164	999	75g	llama-cpp-vulkan/out/text-bench-2026-04-23/qwen35_27b_q8_ctx65536_summary_plan.json	reports/publish/text_bench_2026-04-23/qwen35_27b_q8_ctx65536_summary_plan.log	completed
2026-04-24T00:56:55Z	qwen35_27b_q8	76800	coding_api	ok	218	135467	1707	29791	384	30175	8164	999	75g	llama-cpp-vulkan/out/text-bench-2026-04-23/qwen35_27b_q8_ctx76800_coding_api.json	reports/publish/text_bench_2026-04-23/qwen35_27b_q8_ctx76800_coding_api.log	completed
2026-04-24T01:00:36Z	qwen35_27b_q8	76800	coding_review	ok	221	135431	1575	29784	384	30168	8164	999	75g	llama-cpp-vulkan/out/text-bench-2026-04-23/qwen35_27b_q8_ctx76800_coding_review.json	reports/publish/text_bench_2026-04-23/qwen35_27b_q8_ctx76800_coding_review.log	completed
2026-04-24T01:04:11Z	qwen35_27b_q8	76800	summary_report	ok	215	135382	1630	29780	332	30112	8164	999	75g	llama-cpp-vulkan/out/text-bench-2026-04-23/qwen35_27b_q8_ctx76800_summary_report.json	reports/publish/text_bench_2026-04-23/qwen35_27b_q8_ctx76800_summary_report.log	completed
2026-04-24T01:07:33Z	qwen35_27b_q8	76800	summary_plan	ok	202	135445	1083	29791	238	30029	8164	999	75g	llama-cpp-vulkan/out/text-bench-2026-04-23/qwen35_27b_q8_ctx76800_summary_plan.json	reports/publish/text_bench_2026-04-23/qwen35_27b_q8_ctx76800_summary_plan.log	completed
2026-04-24T01:09:21Z	gemma4_26b_a4b_q4km	16384	coding_api	ok	15	29134	1654	6921	384	7305	8166	999	75g	llama-cpp-vulkan/out/text-bench-2026-04-23/gemma4_26b_a4b_q4km_ctx16384_coding_api.json	reports/publish/text_bench_2026-04-23/gemma4_26b_a4b_q4km_ctx16384_coding_api.log	completed
2026-04-24T01:09:36Z	gemma4_26b_a4b_q4km	16384	coding_review	ok	15	29098	1677	6914	384	7298	8166	999	75g	llama-cpp-vulkan/out/text-bench-2026-04-23/gemma4_26b_a4b_q4km_ctx16384_coding_review.json	reports/publish/text_bench_2026-04-23/gemma4_26b_a4b_q4km_ctx16384_coding_review.log	completed
2026-04-24T01:09:50Z	gemma4_26b_a4b_q4km	16384	summary_report	ok	14	29049	1652	6909	338	7247	8166	999	75g	llama-cpp-vulkan/out/text-bench-2026-04-23/gemma4_26b_a4b_q4km_ctx16384_summary_report.json	reports/publish/text_bench_2026-04-23/gemma4_26b_a4b_q4km_ctx16384_summary_report.log	completed
2026-04-24T01:10:04Z	gemma4_26b_a4b_q4km	16384	summary_plan	ok	14	29112	1416	6920	297	7217	8166	999	75g	llama-cpp-vulkan/out/text-bench-2026-04-23/gemma4_26b_a4b_q4km_ctx16384_summary_plan.json	reports/publish/text_bench_2026-04-23/gemma4_26b_a4b_q4km_ctx16384_summary_plan.log	completed
2026-04-24T01:11:33Z	gemma4_26b_a4b_q4km	32768	coding_api	ok	23	57970	1756	13765	384	14149	8166	999	75g	llama-cpp-vulkan/out/text-bench-2026-04-23/gemma4_26b_a4b_q4km_ctx32768_coding_api.json	reports/publish/text_bench_2026-04-23/gemma4_26b_a4b_q4km_ctx32768_coding_api.log	completed
2026-04-24T01:11:57Z	gemma4_26b_a4b_q4km	32768	coding_review	ok	24	57934	1679	13758	384	14142	8166	999	75g	llama-cpp-vulkan/out/text-bench-2026-04-23/gemma4_26b_a4b_q4km_ctx32768_coding_review.json	reports/publish/text_bench_2026-04-23/gemma4_26b_a4b_q4km_ctx32768_coding_review.log	completed
2026-04-24T01:12:20Z	gemma4_26b_a4b_q4km	32768	summary_report	ok	23	57885	1757	13753	353	14106	8166	999	75g	llama-cpp-vulkan/out/text-bench-2026-04-23/gemma4_26b_a4b_q4km_ctx32768_summary_report.json	reports/publish/text_bench_2026-04-23/gemma4_26b_a4b_q4km_ctx32768_summary_report.log	completed
2026-04-24T01:12:43Z	gemma4_26b_a4b_q4km	32768	summary_plan	ok	22	57948	1394	13764	305	14069	8166	999	75g	llama-cpp-vulkan/out/text-bench-2026-04-23/gemma4_26b_a4b_q4km_ctx32768_summary_plan.json	reports/publish/text_bench_2026-04-23/gemma4_26b_a4b_q4km_ctx32768_summary_plan.log	completed
2026-04-24T01:14:21Z	gemma4_26b_a4b_q4km	46080	coding_api	ok	31	81399	1692	19332	384	19716	8166	999	75g	llama-cpp-vulkan/out/text-bench-2026-04-23/gemma4_26b_a4b_q4km_ctx46080_coding_api.json	reports/publish/text_bench_2026-04-23/gemma4_26b_a4b_q4km_ctx46080_coding_api.log	completed
2026-04-24T01:14:53Z	gemma4_26b_a4b_q4km	46080	coding_review	ok	32	81363	1673	19325	384	19709	8166	999	75g	llama-cpp-vulkan/out/text-bench-2026-04-23/gemma4_26b_a4b_q4km_ctx46080_coding_review.json	reports/publish/text_bench_2026-04-23/gemma4_26b_a4b_q4km_ctx46080_coding_review.log	completed
2026-04-24T01:15:24Z	gemma4_26b_a4b_q4km	46080	summary_report	ok	31	81314	1466	19320	296	19616	8166	999	75g	llama-cpp-vulkan/out/text-bench-2026-04-23/gemma4_26b_a4b_q4km_ctx46080_summary_report.json	reports/publish/text_bench_2026-04-23/gemma4_26b_a4b_q4km_ctx46080_summary_report.log	completed
2026-04-24T01:15:54Z	gemma4_26b_a4b_q4km	46080	summary_plan	ok	30	81377	1392	19331	293	19624	8166	999	75g	llama-cpp-vulkan/out/text-bench-2026-04-23/gemma4_26b_a4b_q4km_ctx46080_summary_plan.json	reports/publish/text_bench_2026-04-23/gemma4_26b_a4b_q4km_ctx46080_summary_plan.log	completed
2026-04-24T01:17:46Z	gemma4_26b_a4b_q4km	65536	coding_api	ok	45	115642	1722	27457	384	27841	8166	999	75g	llama-cpp-vulkan/out/text-bench-2026-04-23/gemma4_26b_a4b_q4km_ctx65536_coding_api.json	reports/publish/text_bench_2026-04-23/gemma4_26b_a4b_q4km_ctx65536_coding_api.log	completed
2026-04-24T01:18:31Z	gemma4_26b_a4b_q4km	65536	coding_review	ok	45	115606	1662	27450	384	27834	8166	999	75g	llama-cpp-vulkan/out/text-bench-2026-04-23/gemma4_26b_a4b_q4km_ctx65536_coding_review.json	reports/publish/text_bench_2026-04-23/gemma4_26b_a4b_q4km_ctx65536_coding_review.log	completed
2026-04-24T01:19:15Z	gemma4_26b_a4b_q4km	65536	summary_report	ok	44	115557	1500	27445	295	27740	8166	999	75g	llama-cpp-vulkan/out/text-bench-2026-04-23/gemma4_26b_a4b_q4km_ctx65536_summary_report.json	reports/publish/text_bench_2026-04-23/gemma4_26b_a4b_q4km_ctx65536_summary_report.log	completed
2026-04-24T01:19:59Z	gemma4_26b_a4b_q4km	65536	summary_plan	ok	44	115620	1340	27456	285	27741	8166	999	75g	llama-cpp-vulkan/out/text-bench-2026-04-23/gemma4_26b_a4b_q4km_ctx65536_summary_plan.json	reports/publish/text_bench_2026-04-23/gemma4_26b_a4b_q4km_ctx65536_summary_plan.log	completed
2026-04-24T01:21:59Z	gemma4_26b_a4b_q4km	76800	coding_api	ok	54	135467	1659	32161	384	32545	8166	999	75g	llama-cpp-vulkan/out/text-bench-2026-04-23/gemma4_26b_a4b_q4km_ctx76800_coding_api.json	reports/publish/text_bench_2026-04-23/gemma4_26b_a4b_q4km_ctx76800_coding_api.log	completed
2026-04-24T01:22:53Z	gemma4_26b_a4b_q4km	76800	coding_review	ok	54	135431	1681	32154	384	32538	8166	999	75g	llama-cpp-vulkan/out/text-bench-2026-04-23/gemma4_26b_a4b_q4km_ctx76800_coding_review.json	reports/publish/text_bench_2026-04-23/gemma4_26b_a4b_q4km_ctx76800_coding_review.log	completed
2026-04-24T01:23:46Z	gemma4_26b_a4b_q4km	76800	summary_report	ok	53	135382	1606	32149	317	32466	8166	999	75g	llama-cpp-vulkan/out/text-bench-2026-04-23/gemma4_26b_a4b_q4km_ctx76800_summary_report.json	reports/publish/text_bench_2026-04-23/gemma4_26b_a4b_q4km_ctx76800_summary_report.log	completed
2026-04-24T01:24:39Z	gemma4_26b_a4b_q4km	76800	summary_plan	ok	53	135445	1515	32160	333	32493	8166	999	75g	llama-cpp-vulkan/out/text-bench-2026-04-23/gemma4_26b_a4b_q4km_ctx76800_summary_plan.json	reports/publish/text_bench_2026-04-23/gemma4_26b_a4b_q4km_ctx76800_summary_plan.log	completed
2026-04-24T01:40:35Z	qwen25_coder_32b_q4km_gpu_unsafe	16384	warmup	unsafe-gpu-reset	0	0	0				8169	999	75g		reports/research/qwen25_coder_32b_full_vulkan_freeze_2026-04-24.txt	AMDGPU ring timeout and failed reset during full-Vulkan warmup; switched to CPU/no-DRI fallback
2026-04-24T01:51:31Z	qwen25_coder_32b_q4km_cpu	16384	coding_api	ok	480	29134	1902	6019	384	6403	8169	0	75g	llama-cpp-vulkan/out/text-bench-2026-04-23/qwen25_coder_32b_q4km_cpu_ctx16384_coding_api.json	reports/publish/text_bench_2026-04-23/qwen25_coder_32b_q4km_cpu_ctx16384_coding_api.log	completed
2026-04-24T01:59:17Z	qwen25_coder_32b_q4km_cpu	16384	summary_report	ok	466	29049	1453	6007	290	6297	8169	0	75g	llama-cpp-vulkan/out/text-bench-2026-04-23/qwen25_coder_32b_q4km_cpu_ctx16384_summary_report.json	reports/publish/text_bench_2026-04-23/qwen25_coder_32b_q4km_cpu_ctx16384_summary_report.log	completed
2026-04-24T02:02:28Z	qwen3_next_80b_a3b_q5km	16384	coding_api	ok	19	29134	2029	6019	384	6403	8167	999	75g	llama-cpp-vulkan/out/text-bench-2026-04-23/qwen3_next_80b_a3b_q5km_ctx16384_coding_api.json	reports/publish/text_bench_2026-04-23/qwen3_next_80b_a3b_q5km_ctx16384_coding_api.log	completed
2026-04-24T02:02:46Z	qwen3_next_80b_a3b_q5km	16384	coding_review	ok	18	29098	1656	6011	384	6395	8167	999	75g	llama-cpp-vulkan/out/text-bench-2026-04-23/qwen3_next_80b_a3b_q5km_ctx16384_coding_review.json	reports/publish/text_bench_2026-04-23/qwen3_next_80b_a3b_q5km_ctx16384_coding_review.log	completed
2026-04-24T02:03:03Z	qwen3_next_80b_a3b_q5km	16384	summary_report	ok	17	29049	1438	6007	286	6293	8167	999	75g	llama-cpp-vulkan/out/text-bench-2026-04-23/qwen3_next_80b_a3b_q5km_ctx16384_summary_report.json	reports/publish/text_bench_2026-04-23/qwen3_next_80b_a3b_q5km_ctx16384_summary_report.log	completed
2026-04-24T02:03:18Z	qwen3_next_80b_a3b_q5km	16384	summary_plan	ok	15	29112	918	6018	185	6203	8167	999	75g	llama-cpp-vulkan/out/text-bench-2026-04-23/qwen3_next_80b_a3b_q5km_ctx16384_summary_plan.json	reports/publish/text_bench_2026-04-23/qwen3_next_80b_a3b_q5km_ctx16384_summary_plan.log	completed
2026-04-24T02:06:15Z	qwen3_next_80b_a3b_q5km	32768	coding_api	ok	29	57970	1997	11963	384	12347	8167	999	75g	llama-cpp-vulkan/out/text-bench-2026-04-23/qwen3_next_80b_a3b_q5km_ctx32768_coding_api.json	reports/publish/text_bench_2026-04-23/qwen3_next_80b_a3b_q5km_ctx32768_coding_api.log	completed
2026-04-24T02:06:44Z	qwen3_next_80b_a3b_q5km	32768	coding_review	ok	29	57934	1588	11955	384	12339	8167	999	75g	llama-cpp-vulkan/out/text-bench-2026-04-23/qwen3_next_80b_a3b_q5km_ctx32768_coding_review.json	reports/publish/text_bench_2026-04-23/qwen3_next_80b_a3b_q5km_ctx32768_coding_review.log	completed
2026-04-24T02:07:13Z	qwen3_next_80b_a3b_q5km	32768	summary_report	ok	29	57885	1907	11951	356	12307	8167	999	75g	llama-cpp-vulkan/out/text-bench-2026-04-23/qwen3_next_80b_a3b_q5km_ctx32768_summary_report.json	reports/publish/text_bench_2026-04-23/qwen3_next_80b_a3b_q5km_ctx32768_summary_report.log	completed
2026-04-24T02:07:36Z	qwen3_next_80b_a3b_q5km	32768	summary_plan	ok	23	57948	666	11962	138	12100	8167	999	75g	llama-cpp-vulkan/out/text-bench-2026-04-23/qwen3_next_80b_a3b_q5km_ctx32768_summary_plan.json	reports/publish/text_bench_2026-04-23/qwen3_next_80b_a3b_q5km_ctx32768_summary_plan.log	completed
2026-04-24T02:10:17Z	qwen3_next_80b_a3b_q5km	46080	coding_api	ok	37	81399	1916	16799	384	17183	8167	999	75g	llama-cpp-vulkan/out/text-bench-2026-04-23/qwen3_next_80b_a3b_q5km_ctx46080_coding_api.json	reports/publish/text_bench_2026-04-23/qwen3_next_80b_a3b_q5km_ctx46080_coding_api.log	completed
2026-04-24T02:10:55Z	qwen3_next_80b_a3b_q5km	46080	coding_review	ok	38	81363	1584	16791	384	17175	8167	999	75g	llama-cpp-vulkan/out/text-bench-2026-04-23/qwen3_next_80b_a3b_q5km_ctx46080_coding_review.json	reports/publish/text_bench_2026-04-23/qwen3_next_80b_a3b_q5km_ctx46080_coding_review.log	completed
2026-04-24T02:11:32Z	qwen3_next_80b_a3b_q5km	46080	summary_report	ok	37	81314	1772	16787	329	17116	8167	999	75g	llama-cpp-vulkan/out/text-bench-2026-04-23/qwen3_next_80b_a3b_q5km_ctx46080_summary_report.json	reports/publish/text_bench_2026-04-23/qwen3_next_80b_a3b_q5km_ctx46080_summary_report.log	completed
2026-04-24T02:12:05Z	qwen3_next_80b_a3b_q5km	46080	summary_plan	ok	33	81377	1023	16798	219	17017	8167	999	75g	llama-cpp-vulkan/out/text-bench-2026-04-23/qwen3_next_80b_a3b_q5km_ctx46080_summary_plan.json	reports/publish/text_bench_2026-04-23/qwen3_next_80b_a3b_q5km_ctx46080_summary_plan.log	completed
2026-04-24T02:15:01Z	qwen3_next_80b_a3b_q5km	65536	coding_api	ok	52	115642	1947	23859	384	24243	8167	999	75g	llama-cpp-vulkan/out/text-bench-2026-04-23/qwen3_next_80b_a3b_q5km_ctx65536_coding_api.json	reports/publish/text_bench_2026-04-23/qwen3_next_80b_a3b_q5km_ctx65536_coding_api.log	completed
2026-04-24T02:15:53Z	qwen3_next_80b_a3b_q5km	65536	coding_review	ok	52	115606	1512	23851	384	24235	8167	999	75g	llama-cpp-vulkan/out/text-bench-2026-04-23/qwen3_next_80b_a3b_q5km_ctx65536_coding_review.json	reports/publish/text_bench_2026-04-23/qwen3_next_80b_a3b_q5km_ctx65536_coding_review.log	completed
2026-04-24T02:16:45Z	qwen3_next_80b_a3b_q5km	65536	summary_report	ok	52	115557	1738	23847	340	24187	8167	999	75g	llama-cpp-vulkan/out/text-bench-2026-04-23/qwen3_next_80b_a3b_q5km_ctx65536_summary_report.json	reports/publish/text_bench_2026-04-23/qwen3_next_80b_a3b_q5km_ctx65536_summary_report.log	completed
2026-04-24T02:17:37Z	qwen3_next_80b_a3b_q5km	65536	summary_plan	ok	52	115620	1587	23858	384	24242	8167	999	75g	llama-cpp-vulkan/out/text-bench-2026-04-23/qwen3_next_80b_a3b_q5km_ctx65536_summary_plan.json	reports/publish/text_bench_2026-04-23/qwen3_next_80b_a3b_q5km_ctx65536_summary_plan.log	completed
2026-04-24T02:20:40Z	qwen3_next_80b_a3b_q5km	76800	coding_api	ok	60	135467	1960	27949	384	28333	8167	999	75g	llama-cpp-vulkan/out/text-bench-2026-04-23/qwen3_next_80b_a3b_q5km_ctx76800_coding_api.json	reports/publish/text_bench_2026-04-23/qwen3_next_80b_a3b_q5km_ctx76800_coding_api.log	completed
2026-04-24T02:21:41Z	qwen3_next_80b_a3b_q5km	76800	coding_review	ok	61	135431	1599	27941	384	28325	8167	999	75g	llama-cpp-vulkan/out/text-bench-2026-04-23/qwen3_next_80b_a3b_q5km_ctx76800_coding_review.json	reports/publish/text_bench_2026-04-23/qwen3_next_80b_a3b_q5km_ctx76800_coding_review.log	completed
2026-04-24T02:22:41Z	qwen3_next_80b_a3b_q5km	76800	summary_report	ok	60	135382	1727	27937	339	28276	8167	999	75g	llama-cpp-vulkan/out/text-bench-2026-04-23/qwen3_next_80b_a3b_q5km_ctx76800_summary_report.json	reports/publish/text_bench_2026-04-23/qwen3_next_80b_a3b_q5km_ctx76800_summary_report.log	completed
2026-04-24T02:23:42Z	qwen3_next_80b_a3b_q5km	76800	summary_plan	ok	61	135445	1550	27948	384	28332	8167	999	75g	llama-cpp-vulkan/out/text-bench-2026-04-23/qwen3_next_80b_a3b_q5km_ctx76800_summary_plan.json	reports/publish/text_bench_2026-04-23/qwen3_next_80b_a3b_q5km_ctx76800_summary_plan.log	completed
2026-04-24T02:26:53Z	qwen3_coder_next_q5km	16384	coding_api	ok	21	29134	1931	6019	384	6403	8168	999	75g	llama-cpp-vulkan/out/text-bench-2026-04-23/qwen3_coder_next_q5km_ctx16384_coding_api.json	reports/publish/text_bench_2026-04-23/qwen3_coder_next_q5km_ctx16384_coding_api.log	completed
2026-04-24T02:27:13Z	qwen3_coder_next_q5km	16384	coding_review	ok	20	29098	1559	6011	384	6395	8168	999	75g	llama-cpp-vulkan/out/text-bench-2026-04-23/qwen3_coder_next_q5km_ctx16384_coding_review.json	reports/publish/text_bench_2026-04-23/qwen3_coder_next_q5km_ctx16384_coding_review.log	completed
2026-04-24T02:27:34Z	qwen3_coder_next_q5km	16384	summary_report	ok	21	29049	1616	6007	363	6370	8168	999	75g	llama-cpp-vulkan/out/text-bench-2026-04-23/qwen3_coder_next_q5km_ctx16384_summary_report.json	reports/publish/text_bench_2026-04-23/qwen3_coder_next_q5km_ctx16384_summary_report.log	completed
2026-04-24T02:27:53Z	qwen3_coder_next_q5km	16384	summary_plan	ok	19	29112	1267	6018	316	6334	8168	999	75g	llama-cpp-vulkan/out/text-bench-2026-04-23/qwen3_coder_next_q5km_ctx16384_summary_plan.json	reports/publish/text_bench_2026-04-23/qwen3_coder_next_q5km_ctx16384_summary_plan.log	completed
2026-04-24T02:30:52Z	qwen3_coder_next_q5km	32768	coding_api	ok	33	57970	1975	11963	384	12347	8168	999	75g	llama-cpp-vulkan/out/text-bench-2026-04-23/qwen3_coder_next_q5km_ctx32768_coding_api.json	reports/publish/text_bench_2026-04-23/qwen3_coder_next_q5km_ctx32768_coding_api.log	completed
2026-04-24T02:31:25Z	qwen3_coder_next_q5km	32768	coding_review	ok	33	57934	1579	11955	384	12339	8168	999	75g	llama-cpp-vulkan/out/text-bench-2026-04-23/qwen3_coder_next_q5km_ctx32768_coding_review.json	reports/publish/text_bench_2026-04-23/qwen3_coder_next_q5km_ctx32768_coding_review.log	completed
2026-04-24T02:31:58Z	qwen3_coder_next_q5km	32768	summary_report	ok	33	57885	1790	11951	384	12335	8168	999	75g	llama-cpp-vulkan/out/text-bench-2026-04-23/qwen3_coder_next_q5km_ctx32768_summary_report.json	reports/publish/text_bench_2026-04-23/qwen3_coder_next_q5km_ctx32768_summary_report.log	completed
2026-04-24T02:32:30Z	qwen3_coder_next_q5km	32768	summary_plan	ok	32	57948	1459	11962	372	12334	8168	999	75g	llama-cpp-vulkan/out/text-bench-2026-04-23/qwen3_coder_next_q5km_ctx32768_summary_plan.json	reports/publish/text_bench_2026-04-23/qwen3_coder_next_q5km_ctx32768_summary_plan.log	completed
2026-04-24T02:36:08Z	qwen3_coder_next_q5km	46080	coding_api	ok	43	81399	1909	16799	384	17183	8168	999	75g	llama-cpp-vulkan/out/text-bench-2026-04-23/qwen3_coder_next_q5km_ctx46080_coding_api.json	reports/publish/text_bench_2026-04-23/qwen3_coder_next_q5km_ctx46080_coding_api.log	completed
2026-04-24T02:36:51Z	qwen3_coder_next_q5km	46080	coding_review	ok	43	81363	1698	16791	384	17175	8168	999	75g	llama-cpp-vulkan/out/text-bench-2026-04-23/qwen3_coder_next_q5km_ctx46080_coding_review.json	reports/publish/text_bench_2026-04-23/qwen3_coder_next_q5km_ctx46080_coding_review.log	completed
2026-04-24T02:37:33Z	qwen3_coder_next_q5km	46080	summary_report	ok	41	81314	1519	16787	326	17113	8168	999	75g	llama-cpp-vulkan/out/text-bench-2026-04-23/qwen3_coder_next_q5km_ctx46080_summary_report.json	reports/publish/text_bench_2026-04-23/qwen3_coder_next_q5km_ctx46080_summary_report.log	completed
2026-04-24T02:38:15Z	qwen3_coder_next_q5km	46080	summary_plan	ok	42	81377	1399	16798	338	17136	8168	999	75g	llama-cpp-vulkan/out/text-bench-2026-04-23/qwen3_coder_next_q5km_ctx46080_summary_plan.json	reports/publish/text_bench_2026-04-23/qwen3_coder_next_q5km_ctx46080_summary_plan.log	completed
2026-04-24T02:41:17Z	qwen3_coder_next_q5km	65536	coding_api	ok	58	115642	2014	23859	384	24243	8168	999	75g	llama-cpp-vulkan/out/text-bench-2026-04-23/qwen3_coder_next_q5km_ctx65536_coding_api.json	reports/publish/text_bench_2026-04-23/qwen3_coder_next_q5km_ctx65536_coding_api.log	completed
2026-04-24T02:42:16Z	qwen3_coder_next_q5km	65536	coding_review	ok	59	115606	1587	23851	384	24235	8168	999	75g	llama-cpp-vulkan/out/text-bench-2026-04-23/qwen3_coder_next_q5km_ctx65536_coding_review.json	reports/publish/text_bench_2026-04-23/qwen3_coder_next_q5km_ctx65536_coding_review.log	completed
2026-04-24T02:43:15Z	qwen3_coder_next_q5km	65536	summary_report	ok	59	115557	1761	23847	367	24214	8168	999	75g	llama-cpp-vulkan/out/text-bench-2026-04-23/qwen3_coder_next_q5km_ctx65536_summary_report.json	reports/publish/text_bench_2026-04-23/qwen3_coder_next_q5km_ctx65536_summary_report.log	completed
2026-04-24T02:44:11Z	qwen3_coder_next_q5km	65536	summary_plan	ok	56	115620	1265	23858	265	24123	8168	999	75g	llama-cpp-vulkan/out/text-bench-2026-04-23/qwen3_coder_next_q5km_ctx65536_summary_plan.json	reports/publish/text_bench_2026-04-23/qwen3_coder_next_q5km_ctx65536_summary_plan.log	completed
2026-04-24T02:47:22Z	qwen3_coder_next_q5km	76800	coding_api	ok	68	135467	1907	27949	384	28333	8168	999	75g	llama-cpp-vulkan/out/text-bench-2026-04-23/qwen3_coder_next_q5km_ctx76800_coding_api.json	reports/publish/text_bench_2026-04-23/qwen3_coder_next_q5km_ctx76800_coding_api.log	completed
2026-04-24T02:48:31Z	qwen3_coder_next_q5km	76800	coding_review	ok	69	135431	1652	27941	384	28325	8168	999	75g	llama-cpp-vulkan/out/text-bench-2026-04-23/qwen3_coder_next_q5km_ctx76800_coding_review.json	reports/publish/text_bench_2026-04-23/qwen3_coder_next_q5km_ctx76800_coding_review.log	completed
2026-04-24T02:49:42Z	qwen3_coder_next_q5km	76800	summary_report	ok	71	135382	1718	27937	384	28321	8168	999	75g	llama-cpp-vulkan/out/text-bench-2026-04-23/qwen3_coder_next_q5km_ctx76800_summary_report.json	reports/publish/text_bench_2026-04-23/qwen3_coder_next_q5km_ctx76800_summary_report.log	completed
2026-04-24T02:50:51Z	qwen3_coder_next_q5km	76800	summary_plan	ok	69	135445	1579	27948	384	28332	8168	999	75g	llama-cpp-vulkan/out/text-bench-2026-04-23/qwen3_coder_next_q5km_ctx76800_summary_plan.json	reports/publish/text_bench_2026-04-23/qwen3_coder_next_q5km_ctx76800_summary_plan.log	completed
2026-04-24T02:58:13Z	qwen35_122b_a10b_q4km	16384	coding_api	ok	232	29134	1691	6413	384	6797	8165	0	85g	llama-cpp-vulkan/out/text-bench-2026-04-23/qwen35_122b_a10b_q4km_ctx16384_coding_api.json	reports/publish/text_bench_2026-04-23/qwen35_122b_a10b_q4km_ctx16384_coding_api.log	completed
2026-04-24T03:01:41Z	qwen35_122b_a10b_q4km	16384	summary_report	ok	207	29049	1057	6402	217	6619	8165	0	85g	llama-cpp-vulkan/out/text-bench-2026-04-23/qwen35_122b_a10b_q4km_ctx16384_summary_report.json	reports/publish/text_bench_2026-04-23/qwen35_122b_a10b_q4km_ctx16384_summary_report.log	completed
2026-04-24T03:12:26Z	qwen35_122b_a10b_q4km	32768	coding_api	ok	439	57970	1632	12750	384	13134	8165	0	85g	llama-cpp-vulkan/out/text-bench-2026-04-23/qwen35_122b_a10b_q4km_ctx32768_coding_api.json	reports/publish/text_bench_2026-04-23/qwen35_122b_a10b_q4km_ctx32768_coding_api.log	completed
2026-04-24T03:18:59Z	qwen35_122b_a10b_q4km	32768	summary_report	ok	393	57885	330	12739	59	12798	8165	0	85g	llama-cpp-vulkan/out/text-bench-2026-04-23/qwen35_122b_a10b_q4km_ctx32768_summary_report.json	reports/publish/text_bench_2026-04-23/qwen35_122b_a10b_q4km_ctx32768_summary_report.log	completed
2026-04-24T03:32:28Z	qwen35_122b_a10b_q4km	46080	coding_api	ok	638	81399	1698	17906	384	18290	8165	0	85g	llama-cpp-vulkan/out/text-bench-2026-04-23/qwen35_122b_a10b_q4km_ctx46080_coding_api.json	reports/publish/text_bench_2026-04-23/qwen35_122b_a10b_q4km_ctx46080_coding_api.log	completed
2026-04-24T03:43:37Z	qwen35_122b_a10b_q4km	46080	summary_report	ok	669	81314	1859	17895	384	18279	8165	0	85g	llama-cpp-vulkan/out/text-bench-2026-04-23/qwen35_122b_a10b_q4km_ctx46080_summary_report.json	reports/publish/text_bench_2026-04-23/qwen35_122b_a10b_q4km_ctx46080_summary_report.log	completed
2026-04-24T04:02:46Z	qwen35_122b_a10b_q4km	65536	summary_report	ok	975	115557	1552	25421	334	25755	8165	0	85g	llama-cpp-vulkan/out/text-bench-2026-04-23/qwen35_122b_a10b_q4km_ctx65536_summary_report.json	reports/publish/text_bench_2026-04-23/qwen35_122b_a10b_q4km_ctx65536_summary_report.log	completed
2026-04-24T04:25:24Z	qwen35_122b_a10b_q4km	76800	summary_report	ok	1190	135382	1680	29780	328	30108	8165	0	85g	llama-cpp-vulkan/out/text-bench-2026-04-23/qwen35_122b_a10b_q4km_ctx76800_summary_report.json	reports/publish/text_bench_2026-04-23/qwen35_122b_a10b_q4km_ctx76800_summary_report.log	completed
2026-04-24T04:28:31Z	gpt_oss_120b_mxfp4	16384	coding_api	ok	23	29134	1932	6081	384	6465	8170	999	75g	llama-cpp-vulkan/out/text-bench-2026-04-23/gpt_oss_120b_mxfp4_ctx16384_coding_api.json	reports/publish/text_bench_2026-04-23/gpt_oss_120b_mxfp4_ctx16384_coding_api.log	completed
2026-04-24T04:28:55Z	gpt_oss_120b_mxfp4	16384	coding_review	ok	24	29098	1756	6074	384	6458	8170	999	75g	llama-cpp-vulkan/out/text-bench-2026-04-23/gpt_oss_120b_mxfp4_ctx16384_coding_review.json	reports/publish/text_bench_2026-04-23/gpt_oss_120b_mxfp4_ctx16384_coding_review.log	completed
2026-04-24T04:29:19Z	gpt_oss_120b_mxfp4	16384	summary_report	ok	24	29049	1803	6070	384	6454	8170	999	75g	llama-cpp-vulkan/out/text-bench-2026-04-23/gpt_oss_120b_mxfp4_ctx16384_summary_report.json	reports/publish/text_bench_2026-04-23/gpt_oss_120b_mxfp4_ctx16384_summary_report.log	completed
2026-04-24T04:29:43Z	gpt_oss_120b_mxfp4	16384	summary_plan	ok	24	29112	1867	6080	384	6464	8170	999	75g	llama-cpp-vulkan/out/text-bench-2026-04-23/gpt_oss_120b_mxfp4_ctx16384_summary_plan.json	reports/publish/text_bench_2026-04-23/gpt_oss_120b_mxfp4_ctx16384_summary_plan.log	completed
2026-04-24T04:33:00Z	gpt_oss_120b_mxfp4	32768	coding_api	ok	38	57970	1811	12025	384	12409	8170	999	75g	llama-cpp-vulkan/out/text-bench-2026-04-23/gpt_oss_120b_mxfp4_ctx32768_coding_api.json	reports/publish/text_bench_2026-04-23/gpt_oss_120b_mxfp4_ctx32768_coding_api.log	completed
2026-04-24T04:33:39Z	gpt_oss_120b_mxfp4	32768	coding_review	ok	38	57934	1826	12018	384	12402	8170	999	75g	llama-cpp-vulkan/out/text-bench-2026-04-23/gpt_oss_120b_mxfp4_ctx32768_coding_review.json	reports/publish/text_bench_2026-04-23/gpt_oss_120b_mxfp4_ctx32768_coding_review.log	completed
2026-04-24T04:34:18Z	gpt_oss_120b_mxfp4	32768	summary_report	ok	39	57885	1921	12014	384	12398	8170	999	75g	llama-cpp-vulkan/out/text-bench-2026-04-23/gpt_oss_120b_mxfp4_ctx32768_summary_report.json	reports/publish/text_bench_2026-04-23/gpt_oss_120b_mxfp4_ctx32768_summary_report.log	completed
2026-04-24T04:34:57Z	gpt_oss_120b_mxfp4	32768	summary_plan	ok	38	57948	1904	12024	384	12408	8170	999	75g	llama-cpp-vulkan/out/text-bench-2026-04-23/gpt_oss_120b_mxfp4_ctx32768_summary_plan.json	reports/publish/text_bench_2026-04-23/gpt_oss_120b_mxfp4_ctx32768_summary_plan.log	completed
2026-04-24T04:37:56Z	gpt_oss_120b_mxfp4	46080	coding_api	ok	51	81399	2003	16861	384	17245	8170	999	75g	llama-cpp-vulkan/out/text-bench-2026-04-23/gpt_oss_120b_mxfp4_ctx46080_coding_api.json	reports/publish/text_bench_2026-04-23/gpt_oss_120b_mxfp4_ctx46080_coding_api.log	completed
2026-04-24T04:38:49Z	gpt_oss_120b_mxfp4	46080	coding_review	ok	53	81363	1860	16854	384	17238	8170	999	75g	llama-cpp-vulkan/out/text-bench-2026-04-23/gpt_oss_120b_mxfp4_ctx46080_coding_review.json	reports/publish/text_bench_2026-04-23/gpt_oss_120b_mxfp4_ctx46080_coding_review.log	completed
2026-04-24T04:39:43Z	gpt_oss_120b_mxfp4	46080	summary_report	ok	54	81314	1830	16850	384	17234	8170	999	75g	llama-cpp-vulkan/out/text-bench-2026-04-23/gpt_oss_120b_mxfp4_ctx46080_summary_report.json	reports/publish/text_bench_2026-04-23/gpt_oss_120b_mxfp4_ctx46080_summary_report.log	completed
2026-04-24T04:40:36Z	gpt_oss_120b_mxfp4	46080	summary_plan	ok	53	81377	1893	16860	384	17244	8170	999	75g	llama-cpp-vulkan/out/text-bench-2026-04-23/gpt_oss_120b_mxfp4_ctx46080_summary_plan.json	reports/publish/text_bench_2026-04-23/gpt_oss_120b_mxfp4_ctx46080_summary_plan.log	completed
2026-04-24T04:44:02Z	gpt_oss_120b_mxfp4	65536	coding_api	ok	79	115642	2028	23922	384	24306	8170	999	75g	llama-cpp-vulkan/out/text-bench-2026-04-23/gpt_oss_120b_mxfp4_ctx65536_coding_api.json	reports/publish/text_bench_2026-04-23/gpt_oss_120b_mxfp4_ctx65536_coding_api.log	completed
2026-04-24T04:45:23Z	gpt_oss_120b_mxfp4	65536	coding_review	ok	81	115606	1972	23915	384	24299	8170	999	75g	llama-cpp-vulkan/out/text-bench-2026-04-23/gpt_oss_120b_mxfp4_ctx65536_coding_review.json	reports/publish/text_bench_2026-04-23/gpt_oss_120b_mxfp4_ctx65536_coding_review.log	completed
2026-04-24T04:46:45Z	gpt_oss_120b_mxfp4	65536	summary_report	ok	82	115557	1819	23911	384	24295	8170	999	75g	llama-cpp-vulkan/out/text-bench-2026-04-23/gpt_oss_120b_mxfp4_ctx65536_summary_report.json	reports/publish/text_bench_2026-04-23/gpt_oss_120b_mxfp4_ctx65536_summary_report.log	completed
2026-04-24T04:48:06Z	gpt_oss_120b_mxfp4	65536	summary_plan	ok	81	115620	1833	23921	384	24305	8170	999	75g	llama-cpp-vulkan/out/text-bench-2026-04-23/gpt_oss_120b_mxfp4_ctx65536_summary_plan.json	reports/publish/text_bench_2026-04-23/gpt_oss_120b_mxfp4_ctx65536_summary_plan.log	completed
2026-04-24T04:51:49Z	gpt_oss_120b_mxfp4	76800	coding_api	ok	95	135467	2030	28011	384	28395	8170	999	75g	llama-cpp-vulkan/out/text-bench-2026-04-23/gpt_oss_120b_mxfp4_ctx76800_coding_api.json	reports/publish/text_bench_2026-04-23/gpt_oss_120b_mxfp4_ctx76800_coding_api.log	completed
2026-04-24T04:53:25Z	gpt_oss_120b_mxfp4	76800	coding_review	ok	96	135431	1858	28004	384	28388	8170	999	75g	llama-cpp-vulkan/out/text-bench-2026-04-23/gpt_oss_120b_mxfp4_ctx76800_coding_review.json	reports/publish/text_bench_2026-04-23/gpt_oss_120b_mxfp4_ctx76800_coding_review.log	completed
2026-04-24T04:55:04Z	gpt_oss_120b_mxfp4	76800	summary_report	ok	99	135382	1868	28000	384	28384	8170	999	75g	llama-cpp-vulkan/out/text-bench-2026-04-23/gpt_oss_120b_mxfp4_ctx76800_summary_report.json	reports/publish/text_bench_2026-04-23/gpt_oss_120b_mxfp4_ctx76800_summary_report.log	completed
2026-04-24T04:56:41Z	gpt_oss_120b_mxfp4	76800	summary_plan	ok	97	135445	1824	28010	384	28394	8170	999	75g	llama-cpp-vulkan/out/text-bench-2026-04-23/gpt_oss_120b_mxfp4_ctx76800_summary_plan.json	reports/publish/text_bench_2026-04-23/gpt_oss_120b_mxfp4_ctx76800_summary_plan.log	completed
